<?xml version="1.0" encoding="utf-8" ?>
<!-- Copyright 2019 PlanetaTIC - Marc Poch <mpoch@planetatic.com>
     License AGPL-3.0 or later (http://www.gnu.org/licenses/agpl). -->
<odoo>

    <record id="base.group_no_one" model="res.groups">
        <field name="users" eval="[(4, ref('base.user_root'))]" />
    </record>

    <record id="base.group_multi_company" model="res.groups">
        <field name="users" eval="[(4, ref('base.user_root'))]" />
    </record>

    <record id="sales_team.group_sale_manager" model="res.groups">
        <field name="users" eval="[(4, ref('base.user_root'))]" />
    </record>

</odoo>
